{
    "dataset": "meesho",
    "rows": 9994,
    "accuracy": 0.991495747873937,
    "precision": 0.9959595959595959,
    "recall": 0.986986986986987,
    "f1_score": 0.9914529914529915,
    "roc_auc": 0.9998388388388388,
    "avg_profit_margin": 0.5059819711884926,
    "avg_inventory_efficiency": 0.4978910184330086,
    "avg_lead_time_efficiency": 0.5016819091488977,
    "avg_risk_index": 0.8670906126183483,
    "efficient_count": 4997,
    "timestamp": "2025-10-16T20:39:21.374704"
}